Name,Country,City,Salary,Last Payed,Account,ID
Finn Callahan,Bosnia and Herzegovina,Shivapuri,£76.25,2015-02-22T20:33:12-08:00,LI7347920617849654743,1
Georgia Crosby,Portugal,Langenhagen,£16.11,2014-06-14T03:58:57-07:00,FR2878028922367841753372666,2
Maxine W. Cohen,Albania,Maidenhead,£58.33,2014-06-10T02:38:53-07:00,CZ9590857255592539789085,3
Laurel Ayala,Maldives,Essex,£75.89,2015-10-29T15:21:28-07:00,TN0998132399010275197919,4
Keane Mcclure,Slovakia,s Herenelderen,£44.33,2015-11-21T16:40:30-08:00,BH17691895181671376658,5
Kimberley Lara,Hungary,Olivola,£52.12,2014-02-11T20:26:52-08:00,GL2072723240464506,6
Ivana Peterson,Mali,Spruce Grove,£48.37,2015-03-28T15:59:50-07:00,MC6812547342340615535653639,7
Doris W. Holloway,Slovenia,Duisburg,£83.25,2015-03-06T20:48:46-08:00,CR6250665584183956516,8
Anastasia Fields,Saint Pierre and Miquelon,Rathenow,£88.95,2015-04-06T04:34:35-07:00,BE12084180492978,9
Casey W. Pena,Albania,Wanganui,£54.40,2014-11-05T19:11:22-08:00,IE29LQPN91560419692184,10
Rhea Davis,"Congo, the Democratic Republic of the",Sint-Pauwels,£84.49,2015-04-01T10:32:22-07:00,IS335815401352068989470974,11
Heidi B. Britt,Poland,l'Escaill�re,£14.01,2015-12-05T22:03:51-08:00,AZ10367835905644005164121429,12
Brady Norman,Seychelles,İzmit,£66.36,2014-08-02T13:12:32-07:00,CY28968147971810505144550195,13
Kylynn Q. Salas,Panama,Lossiemouth,£62.96,2014-08-27T13:03:16-07:00,IS937615916439350164256444,14
Lydia B. Vaughan,Northern Mariana Islands,Iowa City,£74.90,2014-07-19T09:40:29-07:00,FO5004939375267130,15
Dale G. Lambert,Nigeria,Dingwall,£40.99,2014-09-20T00:21:40-07:00,RS44072109493480375326,16
Abigail Morales,Singapore,Helensburgh,£58.14,2014-11-07T20:19:36-08:00,DE53574279335790056204,17
Lyle Dickerson,Congo (Brazzaville),Thorold,£44.90,2015-10-10T23:23:02-07:00,IE78IQBR54070999070347,18
Elaine Lambert,Central African Republic,Fortune,£62.37,2014-08-06T20:21:10-07:00,CZ4163046738124162615556,19
Nathaniel I. Wiley,Cambodia,Worcester,£20.79,2015-04-13T08:10:46-07:00,AL48814783902694290641054730,20
Vance Saunders,Sierra Leone,Vijayawada,£92.69,2014-04-18T18:53:48-07:00,GT72071874309197204750546842,21
Myra Burch,Afghanistan,San Lorenzo,£44.11,2015-02-19T16:32:36-08:00,IT967GACYI10958676532873922,22
Georgia Newman,Togo,Cressa,£27.48,2014-04-25T22:23:16-07:00,LT573340735744163932,23
Cynthia N. Harmon,Brunei,Ranchi,£76.50,2015-05-20T18:14:37-07:00,BG38UYIR79339120903543,24
Mariam Q. Eaton,"Virgin Islands, British",Silius,£12.40,2014-01-09T14:20:27-08:00,DO17834238019803255706010133,25
Mary Mcgowan,Iraq,Zonhoven,£85.29,2014-03-05T13:17:51-08:00,NL29RSVU2328295075,26
Nola Q. Monroe,Portugal,Lewiston,£5.47,2015-01-18T07:50:17-08:00,GB02EZDH97033102961829,27
Mara Cardenas,Cyprus,Évreux,£34.08,2015-02-10T09:33:33-08:00,CY32447538943871565152724380,28
Allistair U. Greer,Netherlands,Ellikom,£43.66,2014-08-08T18:45:48-07:00,AE090797471182833967171,29
Lana Dorsey,Svalbard and Jan Mayen Islands,Merrickville-Wolford,£61.92,2015-06-16T22:17:35-07:00,MT40OCFT67958948379283149985390,30
Igor O. Gross,France,Leonding,£99.30,2014-10-13T23:32:02-07:00,CH0559026713257599123,31
TaShya Ford,Yemen,Arrone,£97.27,2015-05-11T16:32:49-07:00,BE94281373554962,32
Alexander W. Daugherty,Slovenia,Certaldo,£1.23,2015-11-27T06:01:40-08:00,DO95307151075255934735522085,33
Geoffrey C. Booth,Austria,Aylmer,£30.08,2014-05-17T07:58:36-07:00,ME75313203358800324923,34
Carl X. Page,Suriname,Huizingen,£90.10,2014-12-14T00:02:28-08:00,MD7993102034058480984689,35
Kelsey J. Hutchinson,Myanmar,Vucht,£15.57,2014-06-26T19:47:05-07:00,DE77941791448445218853,36
Kasimir X. Daugherty,Saint Lucia,Tokoroa,£90.87,2014-01-13T19:44:51-08:00,DE12880292761280255014,37
Hashim Gardner,Puerto Rico,Parkland County,£2.17,2014-12-09T16:20:51-08:00,CH5109162970108318012,38
Tatyana Z. Bradford,China,Chiaromonte,£75.36,2014-10-02T17:32:51-07:00,RO22AQQD8179696905397457,39
Mariam Hernandez,United States Minor Outlying Islands,Valmacca,£69.01,2014-10-13T15:22:28-07:00,LT838752452531404780,40
Germane A. Calderon,Liechtenstein,Polatlı,£50.18,2015-08-19T06:49:29-07:00,GE73808557898074475281,41
Judah Sanchez,Gabon,V�lklingen,£50.44,2015-04-11T07:10:35-07:00,MR4681665028012782737866279,42
Kylynn E. Rowland,Lithuania,Leamington,£36.26,2015-12-05T08:19:13-08:00,AE614000795006406551910,43
Amery P. Andrews,Belgium,Saint-Pierre,£15.67,2014-10-18T16:38:03-07:00,AT783392858835417900,44
Jamalia X. Thomas,Dominica,Neu-Ulm,£80.30,2015-01-30T20:02:01-08:00,LU705553438025963653,45
Anthony Hart,Madagascar,Villers-la-Bonne-Eau,£79.58,2015-09-13T00:20:11-07:00,IT400YEFPI23609529556272230,46
Violet Simon,Syria,Saint-Hilarion,£63.71,2014-07-15T04:24:05-07:00,SK7489622624375629736052,47
Bethany J. Santana,Timor-Leste,Cavasso Nuovo,£53.89,2015-02-01T09:01:48-08:00,NL75PDSP7328418872,48
Ina Mack,Bangladesh,Latinne,£54.68,2014-02-07T19:11:23-08:00,CY72292612450636443492019010,49
Kenneth T. Delgado,Germany,Toledo,£90.62,2014-07-14T22:23:23-07:00,PT23513963988113846949844,50
Cherokee Davidson,Burkina Faso,Ville de Maniwaki,£65.98,2015-07-17T03:40:59-07:00,LB31766337851451805282136902,51
Armando X. Hartman,Uzbekistan,St. Catharines,£42.25,2014-01-21T02:48:57-08:00,CH7586060311576420844,52
Sydney Jenkins,Georgia,Barcelona,£58.13,2015-11-16T00:18:26-08:00,DO68318839785846177260798875,53
Paloma G. Rogers,Guyana,Meise,£30.95,2014-08-10T20:14:43-07:00,IE14IAST70926911729443,54
Emily Ball,Cape Verde,Lesve,£10.37,2015-11-18T03:24:45-08:00,SI64468391014920272,55
Signe Gross,"Saint Helena, Ascension and Tristan da Cunha",Sherbrooke,£71.25,2014-12-21T17:35:28-08:00,BG28VJGC03230279135445,56
September Foreman,Kyrgyzstan,Cargovil,£26.64,2014-07-28T17:32:12-07:00,BH09237874938134811321,57
Abbot Q. Jenkins,Morocco,Ghislarengo,£33.85,2015-01-17T17:02:12-08:00,LI5732181780510903459,58
Edward Y. Potter,Zimbabwe,Montgomery,£58.99,2014-08-20T07:03:27-07:00,TN7048357593803475467050,59
Karen Woods,Saudi Arabia,Monguelfo-Tesido/Welsberg-Taisten,£45.85,2015-04-01T09:32:24-07:00,SI91549863662610786,60
Odessa Emerson,Mozambique,Chetwynd,£17.57,2014-09-13T18:57:46-07:00,GR5803136888877579520210936,61
Nehru C. Cooper,Cayman Islands,Champlain,£41.05,2014-04-28T12:24:31-07:00,SK1498656847198225593525,62
Brent Lester,Serbia,Banff,£40.20,2015-01-29T16:29:50-08:00,SA2972804077978010961769,63
Camden Rocha,Kenya,Bridgeport,£33.78,2014-01-29T16:44:33-08:00,LU187915543637909039,64
Kim E. Luna,Cook Islands,Campitello di Fassa,£80.82,2014-07-16T10:03:40-07:00,LV23KNBO6419833408897,65
Shelby Buck,Mauritania,Firenze,£28.76,2014-11-16T15:19:38-08:00,BG40NBXV84975879249419,66
Hoyt Sharp,Botswana,Graz,£57.26,2014-05-24T16:13:39-07:00,EE686125164174250770,67
Inga C. Cooke,Guinea,Cwmbran,£48.40,2015-11-12T15:27:11-08:00,IL643394011319629035837,68
Kylie H. Garza,Solomon Islands,Rechnitz,£16.66,2015-01-28T20:33:10-08:00,SE7892905051706880533422,69
Nicholas R. Solis,Benin,Gujrat,£53.69,2014-05-13T00:37:16-07:00,SA2091285861059291469377,70
Chiquita S. Santiago,Anguilla,Orlando,£47.67,2015-08-16T06:58:02-07:00,SI50330169347314881,71
Jaquelyn Hart,Denmark,Drancy,£36.02,2014-05-22T06:42:10-07:00,IL191590658704304456067,72
Kiona F. Graham,Turkmenistan,Lac La Biche County,£91.83,2014-05-11T06:20:45-07:00,BG13FION38053949631515,73
Sharon Cantrell,Italy,Bègles,£43.48,2015-12-27T03:10:56-08:00,ES6726246896595471952956,74
Aidan Whitehead,Guadeloupe,Hohen Neuendorf,£57.40,2015-04-29T01:08:25-07:00,LT387143693726626811,75
Martena Herring,Marshall Islands,Kurnool,£34.35,2014-11-30T20:01:37-08:00,GB21VBAO98243301345324,76
Vielka X. Weeks,Morocco,Rio Grande,£38.55,2014-08-19T11:23:55-07:00,CR9582825387063405848,77
Ashely X. Franks,Holy See (Vatican City State),North Battleford,£37.71,2015-06-28T04:34:35-07:00,PK2934896123970544654190,78
Chadwick D. Wilder,Portugal,Aquila d'Arroscia,£14.81,2014-07-11T13:02:29-07:00,HU44493191618229047179115860,79
Xander Carpenter,Thailand,Reading,£50.41,2014-01-17T23:40:59-08:00,GR2738747053362331946191529,80
Brian L. Mayer,French Guiana,Rockford,£31.33,2014-08-23T15:40:36-07:00,BE79905613125374,81
Molly Cortez,Bhutan,Oklahoma City,£42.00,2014-08-03T09:05:17-07:00,SE1289496745933153294880,82
Constance Bray,Yemen,Herne,£28.87,2014-10-14T22:15:46-07:00,AZ36161197522512976344880564,83
Tyrone Wilkinson,Sri Lanka,Mathura,£99.64,2015-12-10T00:20:52-08:00,AL38477290554727718340404374,84
Carolyn Hayden,Ireland,Idar-Oberstei,£5.99,2015-02-15T09:54:06-08:00,TN1008986344230792952146,85
Solomon Potter,United Arab Emirates,St. Asaph,£10.70,2015-02-12T12:21:56-08:00,GB66CDEB44854225622500,86
Mia Z. Hendrix,Solomon Islands,Lillianes,£11.14,2015-07-06T08:32:52-07:00,GT84737606143638186132028719,87
Marvin Hatfield,Cambodia,Koszalin,£56.75,2014-03-20T19:21:34-07:00,TN4756188476383616749379,88
Portia J. Spears,Sri Lanka,Columbus,£32.71,2014-02-11T07:27:45-08:00,LU580323091853231813,89
Beatrice Walsh,Luxembourg,Raurkela Civil Township,£73.75,2014-01-13T15:17:49-08:00,BE81105237476388,90
Kasper O. Howard,Niue,Harlow,£78.06,2014-11-30T17:12:05-08:00,LI6949028144419141913,91
Ivory T. Spencer,Honduras,Cargovil,£73.45,2014-11-21T17:28:33-08:00,SM3266196877936445134940909,92
Timothy J. Harrington,Greenland,Le Mans,£36.03,2014-03-10T06:41:40-07:00,PK1194524659601123327407,93
Jade J. Briggs,Congo (Brazzaville),Moerkerke,£9.24,2014-10-08T04:32:57-07:00,PT05898115917752072305818,94
Hamish Harrell,Barbados,Berceto,£38.04,2015-03-19T09:36:46-07:00,PL81197440789291683462232159,95
Amaya Shepherd,Kuwait,Port Coquitlam,£46.57,2015-03-16T07:30:56-07:00,IT796SWBDI80257832372787378,96
Abigail Cervantes,Peru,Rangiora,£70.16,2014-04-03T20:12:30-07:00,BA270141949105912740,97
Amela Murray,Swaziland,Bunbury,£17.04,2014-06-28T05:28:30-07:00,IE77PMWK79854761398454,98
Darryl J. Woods,Bulgaria,Fort Wayne,£93.00,2014-04-03T09:17:05-07:00,LI0862320717386878348,99
Dakota F. Mcintosh,Bangladesh,Hann�che,£29.40,2014-02-18T02:04:41-08:00,GL6652439089705003,100
Rachel Q. Ortega,Bangladesh,Kayseri,£25.67,2014-08-10T06:33:56-07:00,AZ05339377146167129528819546,1
McKenzie Jordan,Gambia,Issy-les-Moulineaux,£32.30,2015-03-30T16:36:20-07:00,BA956367786993653465,2
Macon P. Brooks,Jersey,Beawar,£5.95,2015-01-02T09:26:57-08:00,GL7140569086805061,3
Lawrence Patterson,Gambia,Manavgat,£4.83,2014-10-24T10:16:41-07:00,AL08071071074984578731366099,4
Phoebe Kelley,Macao,Allein,£75.15,2015-07-24T00:08:06-07:00,MU4635743432777266069571987016,5
Elliott S. Moran,Latvia,Kalyan,£43.97,2014-11-28T18:43:04-08:00,GE43644458625300556612,6
Vera Bonner,Cuba,Hallaar,£27.22,2015-08-04T12:53:23-07:00,HR1978350796833562189,7
Maggie I. Workman,Argentina,Viano,£86.60,2014-09-01T02:05:24-07:00,HU03223865156831313692456538,8
Jordan F. Dotson,Ecuador,Worcester,£0.88,2014-09-16T08:23:45-07:00,FO2340064346368808,9
Signe Powell,Niue,L'Hospitalet de Llobregat,£3.65,2015-12-07T10:23:30-08:00,KZ767779201647919934,10
Vernon J. Larsen,Botswana,Angoulême,£95.43,2015-12-20T00:34:57-08:00,GT58851089724804999383585044,11
Zachary W. Riley,Tunisia,Gressoney-La-Trinitè,£78.20,2014-10-16T19:34:53-07:00,AZ10659600529423330331150824,12
Prescott English,Wallis and Futuna,Tamworth,£41.67,2015-01-25T10:29:05-08:00,MK09934195026524829,13
Katelyn F. Simmons,Peru,Rotheux-Rimi�re,£74.68,2015-12-11T16:57:36-08:00,PK5013358784766261396220,14
Zephania Q. Rodgers,Hong Kong,Roux,£58.53,2015-03-25T15:11:25-07:00,GB11XPMH04722984704040,15
Emily Z. Welch,Wallis and Futuna,Strona,£40.00,2014-09-23T14:12:50-07:00,PT78428171631798397365914,16
Britanni W. Hahn,Kazakhstan,Coldstream,£96.41,2014-07-11T20:45:09-07:00,NO9664879574191,17
Hiroko I. Decker,Turkmenistan,Ribnitz-Damgarten,£46.84,2014-03-04T01:35:18-08:00,FI2062044216265285,18
Alec Cannon,Martinique,Pukekohe,£31.51,2014-10-11T18:39:08-07:00,PT54119027783979804656205,19
Troy Ware,Qatar,Ely,£68.07,2014-07-29T06:14:35-07:00,SI81918090440999406,20
Velma Stokes,Canada,Serskamp,£48.57,2015-08-24T09:04:33-07:00,FR0307721137136765008537991,21
Jason Hammond,Kuwait,Gbongan,£85.93,2014-02-13T15:48:36-08:00,IT350IDNVI00050468110076028,22
Keegan Chase,Botswana,Whangarei,£69.77,2015-08-07T01:46:04-07:00,RS66331197202178327453,23
Shay G. Anthony,Niger,Rohtak,£57.31,2014-10-30T12:47:20-07:00,AT779756662556523643,24
Urielle Rivers,Anguilla,LaSalle,£22.03,2015-10-03T17:00:33-07:00,AL05446814560368116981471158,25
Debra L. King,Nauru,Port Coquitlam,£88.55,2015-09-23T00:32:29-07:00,TN1905437672937194461262,26
Ramona Malone,Norfolk Island,Terzorio,£86.37,2014-06-04T17:47:49-07:00,ES9686311746227330584547,27
Colby L. Clark,Timor-Leste,Bankura,£46.13,2015-02-11T16:35:07-08:00,ME74357550474923435601,28
Nicole Gregory,Andorra,Edmonton,£79.52,2014-12-29T06:44:42-08:00,VG5247859885417275866921,29
Victor Z. Huber,Nicaragua,Halanzy,£42.89,2014-11-14T02:47:29-08:00,SA9160320301081225620925,30
Kay X. English,Christmas Island,Winchester,£44.18,2014-07-06T16:39:44-07:00,DO16149657497653432740824541,31
Vaughan Mccray,Nepal,Kinross,£11.54,2015-03-19T04:10:59-07:00,IE41NXKE06180094765752,32
Ferris Moon,Syria,Guadalupe,£13.61,2015-11-18T18:11:41-08:00,AL59393048569056913808139041,33
Ignacia Gates,El Salvador,Liernu,£18.10,2015-05-07T14:49:45-07:00,KZ426119976468593156,34
Justina H. Harrison,Guatemala,Aulnay-sous-Bois,£59.49,2014-02-06T13:17:11-08:00,LV06LLLY0681615064694,35
Hyatt Mcdowell,Isle of Man,Tillet,£48.88,2015-07-20T16:15:29-07:00,SA4204918803542961934801,36
Stewart Mccullough,Lithuania,Tenby,£75.70,2015-09-06T13:23:20-07:00,FR5252825538695072517392673,37
Sydney R. Noel,Lithuania,Lincoln,£59.71,2014-06-17T08:33:13-07:00,PL94164817033607095183846424,38
Xerxes Maxwell,Curaçao,Gaithersburg,£4.14,2015-06-17T00:09:37-07:00,CY87275635063160081947268512,39
Yardley X. Colon,Fiji,Gubbio,£10.92,2014-12-03T05:17:30-08:00,SE4930440257151303626537,40
Brendan L. Combs,Åland Islands,Quinte West,£84.88,2014-07-09T17:33:03-07:00,IL848637157389254562407,41
Jin L. Barton,Greenland,Lloydminster,£3.02,2015-03-03T11:40:30-08:00,LB69063035337695873806026482,42
Kiona S. Carpenter,India,Kilsyth,£48.13,2015-01-21T18:59:05-08:00,FR1064567262784946582383354,43
Cadman T. Hess,Zambia,Ficarolo,£78.94,2014-06-15T13:46:57-07:00,MD5561723996550855823767,44
Elliott Case,Papua New Guinea,Outremont,£46.29,2014-04-11T21:43:37-07:00,GT14517577659827822610746760,45
Denise S. Patterson,Viet Nam,Longvilly,£41.51,2014-03-04T15:08:47-08:00,FO0815427122840207,46
Edward G. Vasquez,Suriname,Zaria,£3.11,2015-04-11T19:12:36-07:00,PS652833166896438730954866510,47
Brody C. Baldwin,Monaco,Le Mans,£32.06,2015-03-17T02:49:21-07:00,GT97213332886838303613421066,48
Mia R. Stephens,Madagascar,Nurallao,£85.82,2015-12-22T13:53:55-08:00,GL8080325963090086,49
Rosalyn Lopez,Tanzania,Antakya,£55.21,2015-09-09T17:51:23-07:00,MK05045269085689790,50
Willow N. Hyde,Tajikistan,Wondelgem,£86.03,2015-04-26T07:21:20-07:00,DE49999686837024934446,51
Ezekiel House,Romania,Bonefro,£29.71,2015-04-04T21:01:37-07:00,RS78158747080761666566,52
Natalie Brock,Togo,Kurnool,£94.75,2015-10-07T13:12:57-07:00,BA029458353259901401,53
Lucian M. Lyons,Russian Federation,Dunoon,£97.76,2015-06-26T01:16:12-07:00,MR4607050887196499344001565,54
Brett E. Bowers,Guadeloupe,Gibsons,£2.96,2015-04-04T15:24:41-07:00,CZ2512701179518232833462,55
Regina Huffman,Panama,Tullibody,£36.77,2014-10-08T04:52:54-07:00,AD4054462070908751097151,56
Bevis C. Smith,Jamaica,Baiso,£65.59,2014-07-26T11:58:52-07:00,SM6168338718489582847376463,57
Daphne Freeman,Marshall Islands,Rhyl,£77.13,2014-03-01T08:24:52-08:00,PT40440049627977041429745,58
Althea Parsons,Nigeria,Barrackpur,£37.35,2014-06-26T08:44:29-07:00,MR8619312872277874443622082,59
Kamal I. Woodward,Tokelau,Sainte-Marie-Chevigny,£50.16,2014-10-23T21:56:50-07:00,AE864218864423510458649,60
Xandra Cummings,Niger,Bolinne,£99.66,2015-08-26T13:53:45-07:00,MT15MRLP71440601662762390195722,61
Robert Leonard,Eritrea,Dudzele,£84.83,2015-11-07T07:31:24-08:00,DE02275195103962053480,62
Sonya E. Nieves,Angola,Waterloo,£45.84,2014-03-08T16:24:50-08:00,MC5302900901639272180456219,63
Lance N. Maxwell,Tunisia,Ferness,£51.61,2014-08-17T00:59:16-07:00,DO97183586201086606939744850,64
Perry L. Carson,Sudan,Elingen,£66.60,2015-05-28T16:04:32-07:00,DE66147935898866090740,65
Sloane H. Sutton,Ghana,Holman,£73.22,2015-07-30T10:42:06-07:00,IS308264213881827539737946,66
Octavius Cline,Russian Federation,Alwar,£39.08,2014-10-08T19:37:13-07:00,MT71JKRP23494118033177168361125,67
Merritt Brown,Madagascar,Faizabad,£43.79,2014-04-29T09:21:06-07:00,KW1659781905231179860586474660,68
Idola K. Barrett,Libya,Rendsburg,£59.46,2014-12-30T15:17:04-08:00,SI16836663458904586,69
Evangeline X. White,Suriname,Niort,£92.38,2014-04-23T05:39:33-07:00,FO5136291042601309,70
Tamekah Whitney,Belize,Acquasparta,£95.19,2014-08-26T03:21:58-07:00,BA947827771223852528,71
Clare Rivers,Azerbaijan,Donosti,£2.91,2015-11-11T23:50:09-08:00,ME29439678571344896981,72
Chaney Gallegos,United States,Nil-Saint-Vincent-Saint-Martin,£60.44,2014-04-20T23:20:16-07:00,FO0680811956810828,73
Alisa Hudson,Viet Nam,Troyes,£16.58,2014-01-17T10:40:26-08:00,GT65907934974734060284333983,74
Jason Glass,Mozambique,Neustadt,£6.27,2014-10-09T06:20:44-07:00,AT598544726234876944,75
August Calderon,Cook Islands,St. David's,£47.45,2014-11-13T19:30:27-08:00,PT70389206800505398599232,76
Brett Bennett,Sint Maarten,Schleswig,£74.12,2014-07-09T17:19:03-07:00,TN4686262940926285571380,77
Bruno Simmons,Monaco,Villeneuve-d'Ascq,£48.79,2015-11-05T19:07:31-08:00,CY98327554071477070577369166,78
Xyla P. Grant,New Caledonia,Mont-sur-Marchienne,£86.47,2014-12-03T22:47:41-08:00,CH0959963659498931165,79
Linus A. Sosa,Samoa,Clermont-Ferrand,£32.07,2014-08-03T21:29:21-07:00,SA2152202951218660790570,80
Kermit Gamble,Oman,Moliterno,£89.77,2014-02-12T04:56:30-08:00,LI4918521160390972372,81
Clio X. Carrillo,Aruba,Las Palmas,£25.19,2015-02-06T07:57:31-08:00,GR6748113927262085558145681,82
Gail Vinson,Israel,H�l�cine,£20.31,2015-04-05T12:46:58-07:00,BA324080098110776800,83
Drake Mathews,Anguilla,Thunder Bay,£9.10,2014-06-21T19:00:17-07:00,PL55311517957773664940017154,84
Dustin L. Donovan,Cape Verde,Gierle,£3.37,2014-07-07T18:44:26-07:00,IS777208852257825083825539,85
Shelby O. Carpenter,Antarctica,Halberstadt,£21.60,2014-11-29T09:21:13-08:00,MC0922201316889750535673224,86
Brock O. Harmon,Jersey,Colorado Springs,£93.24,2014-07-10T05:58:28-07:00,NL26WTTH3702196228,87
Remedios Welch,United States Minor Outlying Islands,Habay-la-Vieille,£94.70,2015-02-08T07:27:58-08:00,AL98848195165422507658839040,88
Blossom U. Carpenter,China,São José dos Pinhais,£23.42,2015-12-28T04:48:29-08:00,BA926784258877935829,89
Sybill W. Scott,"Palestine, State of",Merzig,£23.60,2015-05-17T09:22:59-07:00,MD6099271554256633505275,90
Griffith Dotson,China,Rimouski,£6.82,2014-06-01T21:04:16-07:00,KW0335652109663176118162754348,91
Hadassah M. Galloway,Bahrain,Aurora,£24.73,2014-03-03T18:04:29-08:00,DE81727244581466475130,92
Marsden S. Delaney,Benin,Sacramento,£60.78,2014-04-29T01:33:09-07:00,CR4949130097181003094,93
Evelyn Washington,Honduras,Drayton Valley,£13.59,2014-04-29T15:22:47-07:00,MU6596916382894801312073675609,94
Yetta N. Branch,Nicaragua,T�bingen,£9.61,2015-11-06T21:49:59-08:00,LI4102555618509215939,95
Zachary Lynn,Bulgaria,Opheylissem,£11.10,2014-04-12T15:33:01-07:00,LV70MCIJ6177874879364,96
Vladimir Quinn,Turkmenistan,Kaduna,£28.01,2015-12-15T03:20:46-08:00,BA496656387440378019,97
Cleo Pacheco,Aruba,Idaho Falls,£60.42,2015-07-06T19:10:22-07:00,KW9338566368808611860897475996,98
Honorato N. Tran,Denmark,Libramont-Chevigny,£58.62,2014-02-26T23:03:39-08:00,TN0964456345696410301000,99
Ivana Rodgers,Niue,Hamme,£71.31,2014-05-22T11:44:47-07:00,LI9384756074664304814,100